epoch_s,timestamp,power_draw_w,clocks_sm_mhz,temperature_gpu_c,clocks_event_reasons_active,acpitz_max_c
# start 1790459673 2026-09-26T21:54:33Z host=spark-def3 driver=580.178.04 interval_s=10
1790459673,2026/09/26 21:54:33.523,9.19,715,43,0x0000000000000000,53.2
1790459683,2026/09/26 21:54:43.616,78.59,2171,62,0x0000000000000000,68.0
1790459693,2026/09/26 21:54:53.674,78.98,2171,65,0x0000000000000000,71.9
1790459703,2026/09/26 21:55:03.733,79.45,2171,68,0x0000000000000000,74.5
1790459713,2026/09/26 21:55:13.789,80.01,2171,69,0x0000000000000000,76.2
1790459723,2026/09/26 21:55:23.847,80.92,2164,70,0x0000000000000000,77.8
1790459733,2026/09/26 21:55:33.905,80.74,2164,72,0x0000000000000000,79.2
1790459743,2026/09/26 21:55:43.963,78.96,2164,73,0x0000000000000000,82.3
1790459754,2026/09/26 21:55:54.034,81.58,2164,74,0x0000000000000000,83.1
1790459764,2026/09/26 21:56:04.120,71.27,2086,76,0x0000000000000000,88.7
1790459774,2026/09/26 21:56:14.177,67.48,2015,73,0x0000000000000000,97.2
1790459784,2026/09/26 21:56:24.244,53.43,1904,71,0x0000000000000000,97.0
1790459794,2026/09/26 21:56:34.407,81.92,2164,76,0x0000000000000000,84.2
1790459804,2026/09/26 21:56:44.468,81.97,2164,75,0x0000000000000000,82.0
1790459814,2026/09/26 21:56:54.526,82.00,2164,74,0x0000000000000000,81.7
1790459824,2026/09/26 21:57:04.585,82.05,2164,76,0x0000000000000000,83.1
1790459834,2026/09/26 21:57:14.641,81.71,2164,76,0x0000000000000000,84.3
1790459844,2026/09/26 21:57:24.700,83.16,2164,77,0x0000000000000000,84.7
1790459854,2026/09/26 21:57:34.753,82.75,2164,78,0x0000000000000000,85.5
1790459864,2026/09/26 21:57:44.815,83.80,2164,79,0x0000000000000000,86.7
1790459874,2026/09/26 21:57:54.880,83.49,2171,79,0x0000000000000000,87.0
1790459884,2026/09/26 21:58:04.936,83.64,2171,80,0x0000000000000000,87.9
1790459895,2026/09/26 21:58:14.994,84.12,2171,80,0x0000000000000000,88.2
1790459905,2026/09/26 21:58:25.057,62.63,1982,79,0x0000000000000000,96.0
1790459915,2026/09/26 21:58:35.191,55.09,1878,76,0x0000000000000000,94.8
1790459925,2026/09/26 21:58:45.341,56.15,1917,76,0x0000000000000000,96.8
1790459935,2026/09/26 21:58:55.447,57.33,1917,76,0x0000000000000000,97.4
1790459945,2026/09/26 21:59:05.546,83.01,2164,79,0x0000000000000000,86.7
1790459955,2026/09/26 21:59:15.603,82.93,2164,77,0x0000000000000000,85.8
1790459965,2026/09/26 21:59:25.661,77.73,2086,77,0x0000000000000000,84.6
1790459975,2026/09/26 21:59:35.713,82.64,2164,77,0x0000000000000000,84.7
1790459985,2026/09/26 21:59:45.768,81.66,2164,78,0x0000000000000000,84.8
1790459995,2026/09/26 21:59:55.827,82.49,2164,77,0x0000000000000000,85.1
1790460005,2026/09/26 22:00:05.882,82.92,2164,79,0x0000000000000000,86.0
1790460015,2026/09/26 22:00:15.936,82.68,2164,80,0x0000000000000000,87.4
1790460026,2026/09/26 22:00:25.995,82.43,2164,82,0x0000000000000000,89.8
1790460036,2026/09/26 22:00:36.057,69.77,2028,80,0x0000000000000000,94.2
1790460046,2026/09/26 22:00:46.128,60.71,1969,79,0x0000000000000000,97.5
1790460056,2026/09/26 22:00:56.271,83.81,2171,82,0x0000000000000000,88.8
1790460066,2026/09/26 22:01:06.327,83.81,2164,80,0x0000000000000000,87.7
1790460076,2026/09/26 22:01:16.381,83.49,2164,78,0x0000000000000000,86.8
1790460086,2026/09/26 22:01:26.435,83.25,2164,78,0x0000000000000000,85.7
1790460096,2026/09/26 22:01:36.494,81.44,2145,77,0x0000000000000000,86.5
1790460106,2026/09/26 22:01:46.567,58.13,1930,74,0x0000000000000000,97.1
1790460116,2026/09/26 22:01:56.681,65.00,2034,77,0x0000000000000000,97.4
1790460126,2026/09/26 22:02:06.750,54.44,1885,75,0x0000000000000000,97.2
1790460136,2026/09/26 22:02:16.888,82.83,2164,79,0x0000000000000000,87.3
1790460146,2026/09/26 22:02:26.956,83.20,2164,78,0x0000000000000000,85.6
1790460157,2026/09/26 22:02:37.012,82.86,2164,77,0x0000000000000000,84.8
1790460167,2026/09/26 22:02:47.065,83.18,2164,77,0x0000000000000000,85.4
1790460177,2026/09/26 22:02:57.123,82.74,2164,77,0x0000000000000000,85.1
1790460187,2026/09/26 22:03:07.174,83.17,2164,78,0x0000000000000000,85.9
1790460197,2026/09/26 22:03:17.232,84.08,2164,79,0x0000000000000000,86.7
1790460207,2026/09/26 22:03:27.291,83.45,2171,80,0x0000000000000000,87.4
1790460217,2026/09/26 22:03:37.346,84.08,2171,82,0x0000000000000000,88.8
1790460227,2026/09/26 22:03:47.407,83.59,2171,82,0x0000000000000000,89.9
1790460237,2026/09/26 22:03:57.464,81.32,2158,83,0x0000000000000000,93.0
1790460247,2026/09/26 22:04:07.516,83.20,2171,81,0x0000000000000000,90.1
1790460257,2026/09/26 22:04:17.570,84.27,2171,82,0x0000000000000000,89.9
1790460267,2026/09/26 22:04:27.621,83.90,2171,81,0x0000000000000000,89.2
1790460277,2026/09/26 22:04:37.675,83.77,2171,82,0x0000000000000000,89.2
1790460287,2026/09/26 22:04:47.733,83.80,2171,81,0x0000000000000000,88.9
1790460297,2026/09/26 22:04:57.791,83.72,2171,81,0x0000000000000000,89.0
1790460307,2026/09/26 22:05:07.845,83.38,2171,81,0x0000000000000000,88.6
1790460317,2026/09/26 22:05:17.904,83.78,2171,82,0x0000000000000000,88.7
1790460327,2026/09/26 22:05:27.959,83.27,2171,81,0x0000000000000000,88.7
1790460338,2026/09/26 22:05:38.015,83.03,2171,81,0x0000000000000000,88.7
1790460348,2026/09/26 22:05:48.070,85.31,2171,80,0x0000000000000000,88.8
1790460358,2026/09/26 22:05:58.133,83.53,2171,81,0x0000000000000000,89.1
1790460368,2026/09/26 22:06:08.192,83.81,2171,81,0x0000000000000000,88.7
1790460378,2026/09/26 22:06:18.242,83.72,2171,81,0x0000000000000000,88.6
1790460388,2026/09/26 22:06:28.296,83.38,2171,81,0x0000000000000000,88.7
1790460398,2026/09/26 22:06:38.352,85.41,2171,82,0x0000000000000000,88.9
1790460408,2026/09/26 22:06:48.402,85.50,2171,81,0x0000000000000000,88.9
1790460418,2026/09/26 22:06:58.458,83.99,2171,81,0x0000000000000000,88.7
1790460428,2026/09/26 22:07:08.512,85.29,2171,82,0x0000000000000000,89.1
1790460438,2026/09/26 22:07:18.565,85.02,2171,81,0x0000000000000000,88.8
1790460448,2026/09/26 22:07:28.627,83.34,2171,81,0x0000000000000000,88.9
1790460458,2026/09/26 22:07:38.677,85.08,2171,82,0x0000000000000000,89.2
1790460468,2026/09/26 22:07:48.732,85.13,2171,81,0x0000000000000000,88.8
1790460478,2026/09/26 22:07:58.791,84.04,2171,80,0x0000000000000000,88.7
1790460488,2026/09/26 22:08:08.844,85.59,2171,82,0x0000000000000000,89.3
1790460498,2026/09/26 22:08:18.907,84.39,2171,80,0x0000000000000000,89.1
1790460508,2026/09/26 22:08:28.964,84.30,2171,80,0x0000000000000000,89.1
1790460519,2026/09/26 22:08:39.022,86.60,2171,80,0x0000000000000000,89.1
1790460529,2026/09/26 22:08:49.088,84.48,2171,81,0x0000000000000000,89.2
1790460539,2026/09/26 22:08:59.150,84.57,2171,81,0x0000000000000000,89.1
1790460549,2026/09/26 22:09:09.201,86.36,2171,81,0x0000000000000000,89.2
1790460559,2026/09/26 22:09:19.257,83.94,2171,81,0x0000000000000000,89.1
1790460569,2026/09/26 22:09:29.313,83.06,2171,81,0x0000000000000000,88.7
1790460579,2026/09/26 22:09:39.368,86.56,2171,81,0x0000000000000000,89.3
1790460589,2026/09/26 22:09:49.426,84.36,2171,81,0x0000000000000000,89.3
1790460599,2026/09/26 22:09:59.480,84.37,2171,81,0x0000000000000000,89.1
1790460609,2026/09/26 22:10:09.533,86.63,2171,81,0x0000000000000000,89.5
1790460619,2026/09/26 22:10:19.589,83.68,2171,81,0x0000000000000000,89.2
1790460629,2026/09/26 22:10:29.648,85.23,2171,81,0x0000000000000000,89.5
1790460639,2026/09/26 22:10:39.701,82.51,2171,80,0x0000000000000000,89.0
1790460649,2026/09/26 22:10:49.754,82.78,2171,81,0x0000000000000000,88.8
1790460659,2026/09/26 22:10:59.805,84.20,2171,81,0x0000000000000000,90.2
1790460669,2026/09/26 22:11:09.860,87.23,2171,81,0x0000000000000000,90.0
1790460679,2026/09/26 22:11:19.912,84.36,2171,81,0x0000000000000000,89.5
1790460689,2026/09/26 22:11:29.965,83.12,2171,80,0x0000000000000000,88.9
# end 1790460700 clean
