ts_utc,state,pool,duty_pct,trips_total,rate_60s_tmacs,accepted,rejected,stale,power_w,gpu_c,acpitz_c,sm_mhz,cap_status,mining_s,credited_macs
2026-09-27T02:29:16Z,mining,1,100,1,77.41,7,0,0,63.809,75.0,86.0,1976,capped,343,2.582532911320269e+16
2026-09-27T02:29:46Z,mining,1,100,1,73.89,8,0,0,64.115,76.0,81.6,1976,capped,373,2.800676018271027e+16
2026-09-27T02:30:16Z,mining,1,100,1,73.89,8,0,0,64.71,75.0,82.1,1976,capped,403,3.025855999639552e+16
2026-09-27T02:30:46Z,mining,1,100,1,75.06,8,0,0,64.175,76.0,83.0,1976,capped,433,3.251035981008077e+16
2026-09-27T02:31:16Z,mining,1,100,1,76.23,8,0,0,64.854,76.0,83.2,1976,capped,463,3.483252836794368e+16
2026-09-27T02:31:46Z,mining,1,100,1,76.23,8,0,0,64.416,77.0,83.1,1976,capped,493,3.708432818162893e+16
2026-09-27T02:32:16Z,mining,1,100,1,76.23,8,0,0,69.026,78.0,84.4,1976,capped,523,3.940649673949184e+16
2026-09-27T02:32:46Z,mining,1,100,1,76.23,8,0,0,69.542,78.0,84.3,1976,capped,553,4.165829655317709e+16
2026-09-27T02:33:16Z,mining,1,100,1,75.06,8,0,0,66.928,78.0,84.0,1976,capped,583,4.391009636686234e+16
2026-09-27T02:33:46Z,mining,1,100,1,75.06,8,0,0,64.937,77.0,87.7,1976,capped,613,4.616189618054758e+16
2026-09-27T02:34:16Z,mining,1,100,1,73.89,8,0,0,64.107,78.0,88.7,1976,capped,643,4.834332725005517e+16
2026-09-27T02:34:46Z,mining,1,100,1,72.71,8,0,0,64.636,77.0,88.4,1976,capped,673,5.052475831956275e+16
2026-09-27T02:35:16Z,mining,1,100,1,73.89,8,0,0,65.005,78.0,84.6,1976,capped,703,5.2776558133248e+16
2026-09-27T02:35:46Z,mining,1,100,1,73.89,8,0,0,64.088,78.0,87.8,1976,capped,733,5.495798920275558e+16
2026-09-27T02:36:16Z,mining,1,100,1,72.71,9,0,0,65.24,78.0,88.7,1976,capped,763,5.713942027226317e+16
2026-09-27T02:36:47Z,mining,1,100,1,72.71,11,0,0,66.603,78.0,84.6,1976,capped,793,5.932085134177075e+16
2026-09-27T02:37:17Z,mining,1,100,1,72.71,12,0,0,65.884,78.0,85.4,1976,capped,823,6.150228241127834e+16
2026-09-27T02:37:47Z,mining,1,100,1,73.89,12,0,0,68.65,78.0,85.2,1976,capped,853,6.375408222496358e+16
2026-09-27T02:38:17Z,mining,1,100,1,72.71,12,0,0,64.797,77.0,84.7,1976,capped,883,6.58651445502935e+16
2026-09-27T02:38:47Z,mining,1,100,1,73.89,12,0,0,66.845,78.0,85.0,1976,capped,913,6.818731310815642e+16
2026-09-27T02:39:17Z,mining,1,100,1,75.06,12,0,0,62.666,78.0,84.7,1976,capped,943,7.0368744177664e+16
2026-09-27T02:39:47Z,mining,1,100,1,73.89,12,0,0,63.353,78.0,84.7,1976,capped,973,7.262054399134925e+16
2026-09-27T02:40:17Z,mining,1,100,1,75.06,12,0,0,63.531,79.0,84.9,1976,capped,1003,7.48723438050345e+16
2026-09-27T02:40:47Z,mining,1,100,1,75.06,12,0,0,63.895,78.0,85.3,1976,capped,1033,7.712414361871974e+16
2026-09-27T02:41:17Z,mining,1,100,1,75.06,12,0,0,65.116,77.0,84.7,1976,capped,1063,7.9375943432405e+16
2026-09-27T02:41:47Z,mining,1,100,1,73.89,12,0,0,63.815,78.0,84.8,1976,capped,1093,8.155737450191258e+16
2026-09-27T02:42:17Z,mining,1,100,1,73.89,13,0,0,63.707,78.0,85.0,1976,capped,1123,8.380917431559782e+16
2026-09-27T02:42:47Z,mining,1,100,1,75.06,13,0,0,64.147,78.0,85.2,1976,capped,1153,8.606097412928307e+16
2026-09-27T02:43:17Z,mining,1,100,1,76.23,13,0,0,63.47,78.0,85.1,1976,capped,1183,8.838314268714598e+16
2026-09-27T02:43:47Z,mining,1,100,1,76.23,14,0,0,64.543,79.0,85.0,1976,capped,1213,9.063494250083123e+16
2026-09-27T02:44:17Z,mining,1,100,1,75.06,14,0,0,64.962,78.0,85.4,1976,capped,1243,9.288674231451648e+16
2026-09-27T02:44:47Z,mining,1,100,1,73.89,15,0,0,65.338,79.0,85.2,1976,capped,1273,9.506817338402406e+16
2026-09-27T02:45:17Z,mining,1,100,1,73.89,15,0,0,61.291,78.0,84.1,1976,capped,1303,9.731997319770931e+16
2026-09-27T02:45:47Z,mining,1,100,1,75.06,15,0,0,65.133,79.0,85.5,1976,capped,1333,9.957177301139456e+16
2026-09-27T02:46:17Z,mining,1,100,1,75.06,15,0,0,64.511,78.0,85.2,1976,capped,1363,1.018235728250798e+17
2026-09-27T02:46:47Z,mining,1,100,1,76.23,15,0,0,65.788,78.0,86.5,1976,capped,1393,1.0414574138294272e+17
2026-09-27T02:47:17Z,mining,1,100,1,76.23,16,0,0,65.546,79.0,85.6,1976,capped,1423,1.0639754119662797e+17
2026-09-27T02:47:47Z,mining,1,100,1,75.06,16,0,0,63.193,79.0,85.4,1976,capped,1453,1.0864934101031322e+17
2026-09-27T02:48:17Z,mining,1,100,1,75.06,16,0,0,65.462,79.0,87.2,1976,capped,1483,1.1090114082399846e+17
2026-09-27T02:48:47Z,mining,1,100,1,75.06,16,0,0,63.08,78.0,85.1,1976,capped,1513,1.1315294063768371e+17
2026-09-27T02:49:17Z,mining,1,100,1,75.06,16,0,0,63.404,78.0,85.1,1976,capped,1543,1.1540474045136896e+17
2026-09-27T02:49:47Z,mining,1,100,1,73.89,16,0,0,64.136,78.0,85.1,1976,capped,1573,1.1758617152087654e+17
2026-09-27T02:50:17Z,mining,1,100,1,73.89,16,0,0,66.359,79.0,85.6,1976,capped,1603,1.198379713345618e+17
2026-09-27T02:50:47Z,mining,1,100,1,76.23,16,0,0,64.941,79.0,85.4,1976,capped,1633,1.221601398924247e+17
2026-09-27T02:51:17Z,mining,1,100,1,75.06,16,0,0,65.329,79.0,85.2,1976,capped,1663,1.2434157096193229e+17
2026-09-27T02:51:47Z,mining,1,100,1,73.89,16,0,0,64.368,78.0,85.1,1976,capped,1693,1.2659337077561754e+17
2026-09-27T02:52:17Z,mining,1,100,1,75.06,16,0,0,66.586,79.0,85.7,1976,capped,1723,1.2891553933348045e+17
2026-09-27T02:52:47Z,mining,1,100,1,75.06,16,0,0,65.762,79.0,85.3,1976,capped,1754,1.311673391471657e+17
2026-09-27T02:53:17Z,mining,1,100,1,75.06,16,0,0,65.974,78.0,85.5,1976,capped,1784,1.3341913896085094e+17
2026-09-27T02:53:47Z,mining,1,100,1,72.71,16,0,0,63.91,79.0,85.2,1976,capped,1814,1.3553020128618086e+17
2026-09-27T02:54:17Z,mining,1,100,1,72.71,17,0,0,64.635,78.0,85.3,1976,capped,1844,1.3778200109986611e+17
2026-09-27T02:54:47Z,mining,1,100,1,72.71,17,0,0,55.417,78.0,84.6,1976,capped,1874,1.3989306342519603e+17
2026-09-27T02:55:17Z,mining,1,100,1,70.37,17,0,0,62.374,78.0,84.6,1976,capped,1904,1.4200412575052595e+17
2026-09-27T02:55:47Z,mining,1,100,1,72.71,17,0,0,64.72,78.0,85.3,1976,capped,1934,1.442559255642112e+17
2026-09-27T02:56:17Z,mining,1,100,1,75.06,18,0,0,64.513,79.0,84.9,1976,capped,1964,1.4650772537789645e+17
2026-09-27T02:56:47Z,mining,1,100,1,75.06,18,0,0,62.703,78.0,84.9,1976,capped,1994,1.487595251915817e+17
2026-09-27T02:57:17Z,mining,1,100,1,75.06,18,0,0,64.915,78.0,85.0,1976,capped,2024,1.5101132500526694e+17
2026-09-27T02:57:47Z,mining,1,100,1,75.06,19,0,0,64.583,78.0,84.8,1976,capped,2054,1.532631248189522e+17
2026-09-27T02:58:17Z,mining,1,100,1,73.89,19,0,0,62.163,78.0,84.7,1976,capped,2084,1.5544455588845978e+17
2026-09-27T02:58:47Z,mining,1,100,1,73.89,19,0,0,63.676,79.0,85.2,1976,capped,2114,1.5769635570214502e+17
2026-09-27T02:59:17Z,mining,1,100,1,73.89,19,0,0,65.037,78.0,85.3,1976,capped,2144,1.598777867716526e+17
2026-09-27T02:59:47Z,mining,1,100,1,72.71,19,0,0,64.573,79.0,84.9,1976,capped,2174,1.620592178411602e+17
2026-09-27T03:00:17Z,mining,1,100,1,72.71,21,0,0,64.113,79.0,85.0,1976,capped,2204,1.6424064891066778e+17
2026-09-27T03:00:47Z,mining,1,100,1,72.71,21,0,0,63.855,79.0,85.3,1976,capped,2234,1.6642207998017536e+17
2026-09-27T03:01:17Z,mining,1,100,1,71.54,21,0,0,64.476,79.0,86.7,1976,capped,2264,1.6853314230550528e+17
2026-09-27T03:01:47Z,mining,1,100,1,71.54,21,0,0,63.713,78.0,85.3,1976,capped,2294,1.7071457337501286e+17
2026-09-27T03:02:18Z,mining,1,100,1,72.71,22,0,0,64.579,78.0,86.2,1976,capped,2324,1.7289600444452045e+17
2026-09-27T03:02:48Z,mining,1,100,1,72.71,22,0,0,62.104,78.0,84.6,1976,capped,2354,1.7507743551402803e+17
2026-09-27T03:03:18Z,mining,1,100,1,72.71,22,0,0,63.874,78.0,85.1,1976,capped,2384,1.772588665835356e+17
2026-09-27T03:03:48Z,mining,1,100,1,72.71,23,0,0,64.283,78.0,85.1,1976,capped,2414,1.794402976530432e+17
2026-09-27T03:04:18Z,mining,1,100,1,72.71,23,0,0,63.334,79.0,84.9,1976,capped,2444,1.816217287225508e+17
2026-09-27T03:04:48Z,mining,1,100,1,71.54,24,0,0,64.553,78.0,86.8,1976,capped,2474,1.837327910478807e+17
2026-09-27T03:05:18Z,mining,1,100,1,72.71,24,0,0,64.4,79.0,85.0,1976,capped,2504,1.8598459086156595e+17
2026-09-27T03:05:48Z,mining,1,100,1,73.89,24,0,0,64.693,78.0,85.2,1976,capped,2534,1.8816602193107354e+17
2026-09-27T03:06:18Z,mining,1,100,1,72.71,25,0,0,64.536,78.0,85.0,1976,capped,2564,1.9034745300058112e+17
2026-09-27T03:06:48Z,mining,1,100,1,72.71,25,0,0,64.414,78.0,85.0,1976,capped,2594,1.925288840700887e+17
2026-09-27T03:07:18Z,mining,1,100,1,71.54,26,0,0,64.912,77.0,85.2,1976,capped,2624,1.9463994639541862e+17
2026-09-27T03:07:48Z,mining,1,100,1,71.54,26,0,0,64.414,79.0,84.7,1976,capped,2654,1.968213774649262e+17
2026-09-27T03:08:18Z,mining,1,100,1,71.54,26,0,0,63.977,78.0,84.9,1976,capped,2684,1.9893243979025613e+17
2026-09-27T03:08:48Z,mining,1,100,1,71.54,26,0,0,65.419,78.0,85.0,1976,capped,2714,2.011138708597637e+17
2026-09-27T03:09:18Z,mining,1,100,1,73.89,27,0,0,64.29,79.0,85.1,1976,capped,2744,2.0336567067344896e+17
2026-09-27T03:09:48Z,mining,1,100,1,73.89,27,0,0,65.214,78.0,85.3,1976,capped,2774,2.0554710174295654e+17
2026-09-27T03:10:18Z,mining,1,100,1,71.54,27,0,0,64.071,79.0,84.5,1976,capped,2804,2.0765816406828646e+17
2026-09-27T03:10:48Z,mining,1,99,1,71.54,27,0,0,64.45,79.0,84.9,1976,capped,2834,2.0983959513779405e+17
2026-09-27T03:11:18Z,mining,1,100,1,72.71,27,0,0,64.749,78.0,85.9,1976,capped,2864,2.1202102620730163e+17
2026-09-27T03:11:48Z,mining,1,100,1,72.71,27,0,0,64.183,78.0,84.7,1976,capped,2894,2.142024572768092e+17
2026-09-27T03:12:18Z,mining,1,100,1,71.54,27,0,0,64.568,78.0,84.6,1976,capped,2924,2.1631351960213914e+17
2026-09-27T03:12:48Z,mining,1,100,1,70.37,28,0,0,64.416,78.0,84.6,1976,capped,2954,2.1842458192746906e+17
2026-09-27T03:13:18Z,mining,1,100,1,72.71,28,0,0,64.232,78.0,88.0,1976,capped,2984,2.206763817411543e+17
2026-09-27T03:13:48Z,mining,1,100,1,73.89,29,0,0,64.377,78.0,84.8,1976,capped,3014,2.228578128106619e+17
2026-09-27T03:14:18Z,mining,1,100,1,72.71,29,0,0,64.773,78.0,87.1,1976,capped,3044,2.2503924388016947e+17
2026-09-27T03:14:48Z,mining,1,100,1,72.71,29,0,0,64.867,79.0,84.8,1976,capped,3074,2.2722067494967706e+17
2026-09-27T03:15:18Z,mining,1,100,1,73.89,29,0,0,64.4,78.0,85.3,1976,capped,3104,2.294724747633623e+17
2026-09-27T03:15:48Z,mining,1,100,1,73.89,30,0,0,64.522,78.0,85.1,1976,capped,3134,2.316539058328699e+17
2026-09-27T03:16:18Z,mining,1,100,1,72.71,30,0,0,64.364,78.0,84.7,1976,capped,3164,2.3383533690237747e+17
2026-09-27T03:16:48Z,mining,1,100,1,72.71,30,0,0,63.349,77.0,86.5,1976,capped,3194,2.3608713671606272e+17
2026-09-27T03:17:18Z,mining,1,100,1,72.71,30,0,0,67.636,78.0,84.3,1976,capped,3224,2.3819819904139264e+17
2026-09-27T03:17:48Z,mining,1,100,1,75.06,30,0,0,67.985,76.0,82.9,1976,capped,3255,2.405907363434332e+17
2026-09-27T03:18:18Z,mining,1,100,1,77.41,32,0,0,68.004,76.0,81.2,1976,capped,3285,2.4291290490129613e+17
2026-09-27T03:18:48Z,mining,1,100,1,75.06,32,0,0,67.48,75.0,81.0,1976,capped,3315,2.450943359708037e+17
2026-09-27T03:19:18Z,mining,1,100,1,75.06,33,0,0,64.608,74.0,79.4,1976,capped,3345,2.4741650452866662e+17
2026-09-27T03:19:48Z,mining,1,100,1,77.41,33,0,0,64.393,73.0,79.6,1976,capped,3375,2.4973867308652954e+17
2026-09-27T03:20:18Z,mining,1,100,1,77.41,33,0,0,66.28,73.0,80.0,1976,capped,3405,2.5206084164439245e+17
2026-09-27T03:20:48Z,mining,1,100,1,73.89,33,0,0,67.453,74.0,79.9,1976,capped,3435,2.5417190396972237e+17
2026-09-27T03:21:18Z,mining,1,100,1,72.71,34,0,0,64.521,73.0,79.3,1976,capped,3465,2.564237037834076e+17
2026-09-27T03:21:48Z,mining,1,100,1,76.23,34,0,0,63.767,73.0,79.1,1976,capped,3495,2.5874587234127053e+17
2026-09-27T03:22:18Z,mining,1,100,1,76.23,34,0,0,66.709,72.0,78.9,1976,capped,3525,2.6099767215495578e+17
2026-09-27T03:22:48Z,mining,1,100,1,76.23,34,0,0,67.12,73.0,79.0,1976,capped,3555,2.633198407128187e+17
2026-09-27T03:23:18Z,mining,1,100,1,77.41,34,0,0,67.103,72.0,79.3,1976,capped,3585,2.656420092706816e+17
2026-09-27T03:23:48Z,mining,1,100,1,78.58,34,0,0,67.3,73.0,79.3,1976,capped,3615,2.6803454657272218e+17
2026-09-27T03:24:18Z,mining,1,100,1,79.75,35,0,0,67.403,73.0,81.7,1976,capped,3645,2.7042708387476275e+17
2026-09-27T03:24:48Z,mining,1,98,1,79.75,35,0,0,67.004,73.0,78.8,1976,capped,3675,2.7281962117680333e+17
2026-09-27T03:25:18Z,mining,1,100,1,79.75,35,0,0,67.429,73.0,81.8,1976,capped,3705,2.752121584788439e+17
2026-09-27T03:25:48Z,mining,1,100,1,79.75,35,0,0,67.334,73.0,81.8,1976,capped,3735,2.7760469578088448e+17
2026-09-27T03:26:18Z,mining,1,100,1,78.58,35,0,0,67.284,73.0,79.6,1976,capped,3765,2.799268643387474e+17
2026-09-27T03:26:48Z,mining,1,100,1,79.75,35,0,0,67.441,72.0,79.1,1976,capped,3795,2.8238977038496563e+17
2026-09-27T03:27:19Z,mining,1,100,1,79.75,35,0,0,67.083,72.0,78.7,1976,capped,3825,2.8471193894282854e+17
2026-09-27T03:27:49Z,mining,1,100,1,78.58,35,0,0,67.178,73.0,78.9,1976,capped,3855,2.8710447624486912e+17
2026-09-27T03:28:19Z,mining,1,100,1,80.92,36,0,0,67.179,72.0,79.2,1976,capped,3885,2.8956738229108736e+17
2026-09-27T03:28:49Z,mining,1,100,1,79.75,36,0,0,67.262,73.0,82.8,1976,capped,3915,2.918895508489503e+17
